File ID,File Name,Run Metadata ID,Study Name,PDC Study ID,PDC Study Version,Study ID,Embargo Date,Project Name,Data Category,File Type,Access,File Size (in bytes),Md5sum,Downloadable,File Download Link
"000e195a-7834-47b4-9b0e-18443951b29a","19CPTAC_LUAD_W_BI_20180730_KL_f08.raw","S046-1-19","CPTAC LUAD Discovery Study - Proteome","PDC000153","1","f1c59a53-ab7c-11e9-9a07-0a80fada099c","N/A","CPTAC3 Discovery and Confirmatory","Raw Mass Spectra","Proprietary","Open","733939124","4e7a447478a7f83bb3e78ec1c6bc6183","Yes","https://d3iwtkuvwz4jtf.cloudfront.net/raw-files/94/32/19CPTAC_LUAD_W_BI_20180730_KL_f08.raw?Expires=1667554485&Key-Pair-Id=APKAIXDMVIARW22I7ILQ&Signature=QNc29DHzJ8VgnNEej74oCIngfRa2lX6NLZU3ftGSdMvpsczfnzOekGaKZQLVgT4ejTb~cJecq8BsHH~yAinLKNJm-UOHxtyEMxzYfCrewp2XMOMZlLKWdHzjAtJoeM74tGo-2Md4PE5p8VESgK~PTBzBuSlbwDbEttlLmfH~raRue58C4iJzu0llIbkpzyOQzjsLSjF9rO-N5GRl1n~cuhyEM9WUqN1Vqcj1qEONlnIRwzTS~sNEw4ibhETd7qyoKhF0663qAS~kMGjSlgVrQTTTsZ82WVVK63gxyR8QeCgZgVOj~Ds615g1poaUZASYTpzxht97ZiUh55ef6ZFocA__"
"002ad289-6be5-4616-ba74-926b49c1dd7f","19CPTAC_LUAD_W_BI_20180730_KL_f08.mzML.gz","S046-1-19","CPTAC LUAD Discovery Study - Proteome","PDC000153","1","f1c59a53-ab7c-11e9-9a07-0a80fada099c","N/A","CPTAC3 Discovery and Confirmatory","Processed Mass Spectra","Open Standard","Open","167700939","ca8ce0b586d49e34514edf35598d6b41","Yes","https://d3iwtkuvwz4jtf.cloudfront.net/studies/153/mzml/19CPTAC_LUAD_W_BI_20180730_KL_f08.mzML.gz?Expires=1667554485&Key-Pair-Id=APKAIXDMVIARW22I7ILQ&Signature=ccPrrGuUvPIgub7JYIJswfWMTFpYfWOrn3j3R-iHS7kUh1zh6bYubrRUI8vC4AhieO5wZwXKJxfWC7IVEGF6-ITHb2ZkzYO7tiy8yQQyskyas3HRnPVNJvhpw887zOCF8cmo2CCp9e6IGTwCUp~eVBH-SDMbnm1IpkyaSVdBjEqgoIIsDhqGFOX57qIo38CxJYgKi1UFDTDJpsy1bfnZV7VgnIVDe8zBh0LsCWyTfwbBUq6Gjb~XJXWHcw0mKey26xAeX2QiMK50mhVAI9JtmeT~LHeYy-UOfJ1cKy6T01aKAllDqFiscVWF3TyIvIj6DQZRy1VrWK8Lbh-1DXa5og__"
"005d5a00-6436-4133-9f1d-0265c7f44886","01CPTAC_LUAD_W_BI_20180515_KR_f19.mzid.gz","S046-1-1","CPTAC LUAD Discovery Study - Proteome","PDC000153","1","f1c59a53-ab7c-11e9-9a07-0a80fada099c","N/A","CPTAC3 Discovery and Confirmatory","Peptide Spectral Matches","Open Standard","Open","7259067","b6828ce57f93d3a75d3e7ec9250c2fed","Yes","https://d3iwtkuvwz4jtf.cloudfront.net/studies/153/PSM/mzid/01CPTAC_LUAD_W_BI_20180515_KR_f19.mzid.gz?Expires=1667554485&Key-Pair-Id=APKAIXDMVIARW22I7ILQ&Signature=AE4xJbn95jJYok3BwgqLYebd5Lr8lXgjpAU9m9oLGlzH~yACOl6ThzIBmtVR5mrAwYJXC~sCf8gkxq7-CZPlXU61gcTRA35IdksZA6sijiW7XWX9vrQsq9-DUxudUXM6S8SO~-5qq98n8rI1~d5~Pbt69ePrOQFX86VtSwCMjJ6KTtk1OASVATIodray-2lLJvDZDz~nP84PNcotatOHKrnXxSAvbDH4WFkr5Ojs8WN7tzHjHwSARkMr7wvUn9RX0Dp2sziy-72OPPo1tfPE6DYI4S8V57GOvhXdv57WCL0vUtRhUgB84S-nkZPKbHbxV1cR2cF7rY3CUdKKEzhL0Q__"
"0062907a-2c26-4e92-9558-3e684346f500","07CPTAC_LUAD_W_BI_20180602_KR_f15.mzid.gz","S046-1-7","CPTAC LUAD Discovery Study - Proteome","PDC000153","1","f1c59a53-ab7c-11e9-9a07-0a80fada099c","N/A","CPTAC3 Discovery and Confirmatory","Peptide Spectral Matches","Open Standard","Open","8115208","5c070b11b314bc3f74794991ea65fcb4","Yes","https://d3iwtkuvwz4jtf.cloudfront.net/studies/153/PSM/mzid/07CPTAC_LUAD_W_BI_20180602_KR_f15.mzid.gz?Expires=1667554485&Key-Pair-Id=APKAIXDMVIARW22I7ILQ&Signature=YBLJt1v7Z1~1hdEoS~KwRxfw-7X2x8l0jwID8I3fbjfod9vOksu9S0H1o6jHlZspuqMBvJpLjJpwAh3Kv4osuxncSilry5uTwcFlg8c~HDk3X6mzmowg5lxR34N9geyaYfg1Plw34Qo-kC~h6xdd~PVDQYRyUvqn6kAxI1YaE86Gwyzd-I-ankrF17A9Qnn9ayhYj7UGGJXIPlQDFv6RfQoqccmB0-HdLceoJW62aDLmgApyzpou6dWxY2Gu2X8KmL0DS2jgQXQ1iQQ7PhyRTON5sRZasg3kpKZIvhn~SVTZdepdVEwYQ5mOkZdqaZqCgNKupcn4wedLI-tansvUbw__"
"006cfaae-16c7-4eb0-acea-0dcffae04bc7","13CPTAC_LUAD_W_BI_20180629_KR_f20.mzML.gz","S046-1-13","CPTAC LUAD Discovery Study - Proteome","PDC000153","1","f1c59a53-ab7c-11e9-9a07-0a80fada099c","N/A","CPTAC3 Discovery and Confirmatory","Processed Mass Spectra","Open Standard","Open","97634317","d9903d624312452db01ed68d93399631","Yes","https://d3iwtkuvwz4jtf.cloudfront.net/studies/153/mzml/13CPTAC_LUAD_W_BI_20180629_KR_f20.mzML.gz?Expires=1667554485&Key-Pair-Id=APKAIXDMVIARW22I7ILQ&Signature=JBypSk~jPrEwLrbr4KYDP7NeGWEYx-taMmq-ehPJ5tpn5QvBeq1T71TiswibD5Ee9hf8paePCm6VpLDq~eCYZ4nmY0ayveLTKLTqdvZPkIpecb-bZ12vPERID3Ubm9gZeNDrV-ZnsCWlITHTjrGhCqxF9SR7~1Ye-8MlcO-VJYlrTbXg7OkGftwIC3kgrHuegReG7~Njn0xBSn1EDc345m3X5-Y1~27z7rX7Zt~qb7Iy6uDvg162ShxK7ctVjH5yH5agz5obvvrMhVfRkCkxp-Uc6oPINjybi25HuHhUC3v-q7Yr1oVEroul-KEAqJ1nmyenC~YCEs-331H0Hbootw__"
"0080918b-0a44-477a-a74a-cd8f90d032e2","11CPTAC_LUAD_W_BI_20180905_KR_f05.psm","S046-1-11","CPTAC LUAD Discovery Study - Proteome","PDC000153","1","f1c59a53-ab7c-11e9-9a07-0a80fada099c","N/A","CPTAC3 Discovery and Confirmatory","Peptide Spectral Matches","Text","Open","5172359","f36d873f278ab79cab195530101149dd","Yes","https://d3iwtkuvwz4jtf.cloudfront.net/studies/153/PSM/tsv/11CPTAC_LUAD_W_BI_20180905_KR_f05.psm?Expires=1667554485&Key-Pair-Id=APKAIXDMVIARW22I7ILQ&Signature=G-kqFY6LdmSgcZ5MF-78~evLJ3FT-osKfaM~3JQWvagzbORf34b4a6m74XQgbamZPOG9-Su2LmrlxfazC0tqz6t1cVj~9VKggFCyyyYTB03T3APOHuSkuibDqpwA7SH4ioWYbH1rus7NExhvJFDTwng7HGpMCsUn8dScyRVkIwxH69Rp5g1zRYlnSgvzdA3z0rd4qUngp4fqc7nvZowyNdFFRByQzCPohmNaDnx63sK70mj65aT4RnMriZTBdVMbull1q78k1p4vw4QDr84MLp8C6pnCQxbTMGHKNHh~-csPT5nq41IT1Nl6s5GpKXnNRAFopmvH4w6diQo7onB6Qg__"
"009d4f34-287c-49c0-9264-31521eed033a","14CPTAC_LUAD_W_BI_20180711_KL_f18.mzML.gz","S046-1-14","CPTAC LUAD Discovery Study - Proteome","PDC000153","1","f1c59a53-ab7c-11e9-9a07-0a80fada099c","N/A","CPTAC3 Discovery and Confirmatory","Processed Mass Spectra","Open Standard","Open","157207700","6e5d99d99bf5227e54313174d26837d9","Yes","https://d3iwtkuvwz4jtf.cloudfront.net/studies/153/mzml/14CPTAC_LUAD_W_BI_20180711_KL_f18.mzML.gz?Expires=1667554485&Key-Pair-Id=APKAIXDMVIARW22I7ILQ&Signature=FfIvZ2x3UX4amIGqE0flEZOGDZu00kt-0qpmGgkvbvliI5E-cheSp~x0ivoYq6F0bAv2m6Xc46lCwToUpIZgIxSEbshU9e5WVe9jpz1Tj8xl6lizI5bzA9e~tXcNRtlapLOQ4O7PDSEHNJgoAo8g~bH8oCQ-Awb26DOel4kBOczrXEqEJxFqPPyc3ioHPZD0-h-PMMsXkD93MYxV13UMHhCV7TK3aiX3d7rPDFS7T4YSE68GfhfSWgTELKVc4LajE2bb5AZXjJsEbEVtGInx0rx5pcnoZMhHfD6siinA~jtRnW~AJKSOPOAeipo6K5nrp~rVQiMELlHuh7zBi14gFQ__"
"00a76897-1ff1-4070-ab5b-8c75c6935a6b","25CPTAC_LUAD_W_BI_20180901_KR_f03.psm","S046-1-25","CPTAC LUAD Discovery Study - Proteome","PDC000153","1","f1c59a53-ab7c-11e9-9a07-0a80fada099c","N/A","CPTAC3 Discovery and Confirmatory","Peptide Spectral Matches","Text","Open","4622499","c25d5bcfd8742fd5a7c4a9a62ac8a487","Yes","https://d3iwtkuvwz4jtf.cloudfront.net/studies/153/PSM/tsv/25CPTAC_LUAD_W_BI_20180901_KR_f03.psm?Expires=1667554485&Key-Pair-Id=APKAIXDMVIARW22I7ILQ&Signature=DYHPt16u7k0BCAEhcW9JtN17544dGun6WqLmUH4oTM4MSVuyRjXyc5ZhWdYRGJ88p~OOl6xseswYQ3sPCy3mIflHoOFxtK5uDfgjL778sUm80D2ZKAcPFJoHBFhiWPKHopGRLgoH9wVVc18aNYv0s0twoSQEo1DBvoRFmrgvImoKSq0CGS4htdEoZQw0WkVO7mnPzGq9rEOdKFzPRUDuMFYQvIUeYIYoN8diPOA3y6HV4eG~H7Tk-JjcjrHqh66eYUorpjBQBqXbFX1t2AgqDSqbQ~IfrJwm1fphtDfHLKOYjOOHgZlo1LGY-N5EEQmAP8jBcsVEIA5BLZgCzu8Q2w__"
"00b07e3a-7549-4d73-af06-97970cdb2ff5","05CPTAC_LUAD_W_BI_20180527_KR_f20.raw","S046-1-5","CPTAC LUAD Discovery Study - Proteome","PDC000153","1","f1c59a53-ab7c-11e9-9a07-0a80fada099c","N/A","CPTAC3 Discovery and Confirmatory","Raw Mass Spectra","Proprietary","Open","694735138","c7bd2c8e99fb23759a8236ea2ec1400d","Yes","https://d3iwtkuvwz4jtf.cloudfront.net/raw-files/94/32/05CPTAC_LUAD_W_BI_20180527_KR_f20.raw?Expires=1667554485&Key-Pair-Id=APKAIXDMVIARW22I7ILQ&Signature=UD25Uxs~lBNdlyiAnwJXo6Z8iH-7GFrgajJg7bQCXEkI2g8vFPdhVIJZaXQoIWln9WeG-e0mJUZIabsQgB7sDS4Upnwjs4WLJBRFNJRD2rJ032B3R1I8Vb38~~tEYZ1dZMM9GRV-QRDY0oxKhIB8evQtzUQVeAZq7igwjl4T0Cw6hfDHHwauI9ugaSoTI4a9-qt2XdmGmozaoRvmlmLwIPC3GXR3yoxeg2wqHolphPgJAcuplhMjmc5gxA~TNiuXerHiGlXU9QHc2QYc09QudFLCAlJ~gtOU~mwk~4~zGiXf~L6Zl8-JmLBmcSh1HgpfXap7Hcvx0E2rYGJE~xPiDw__"
"00da9d32-f770-459c-ba91-4d995c79b42a","05CPTAC_LUAD_W_BI_20180527_KR_f16.psm","S046-1-5","CPTAC LUAD Discovery Study - Proteome","PDC000153","1","f1c59a53-ab7c-11e9-9a07-0a80fada099c","N/A","CPTAC3 Discovery and Confirmatory","Peptide Spectral Matches","Text","Open","5173841","3f0e886c219f36bf3fcbb2679470b1f9","Yes","https://d3iwtkuvwz4jtf.cloudfront.net/studies/153/PSM/tsv/05CPTAC_LUAD_W_BI_20180527_KR_f16.psm?Expires=1667554485&Key-Pair-Id=APKAIXDMVIARW22I7ILQ&Signature=M~ZQgTZSLLdROZ1hwoCL3~U6RvZcsQ4BjrRMl834HUK52okTR9cLe8OKqDAi83bcWg4-anHRAtyr10Ge~DhXUp8vPUZzf60dhnJKuMpG6dvhCDY2UpDJsjSCxgYvgLOnkrKbQxC~xyCtPfoLAD7ssHSQeZ9nSFHiFin6ytaMw4-qwG3HNtAXOsZwfBCDy--mDJNo9WivQGdtQ5W8jneBBqL0pFfWnsuAiApOQg5bJN0Mu07WDELC4PwUPCcZ6O5u0pM2gTzHmqwVqJ7hsNp3BiSQa1EXtolitPiIW5Cg1dTKZW8QhPC3PB49I-SmtEuA-HSFwEc17kZNasiDMiXKPg__"
"00e6ca70-cb98-4405-b887-1d76c40191d8","12CPTAC_LUAD_W_BI_20180912_KL_f23.mzML.gz","S046-1-12","CPTAC LUAD Discovery Study - Proteome","PDC000153","1","f1c59a53-ab7c-11e9-9a07-0a80fada099c","N/A","CPTAC3 Discovery and Confirmatory","Processed Mass Spectra","Open Standard","Open","147768654","367ad651bc5472da71d83edbb0b063fd","Yes","https://d3iwtkuvwz4jtf.cloudfront.net/studies/153/mzml/12CPTAC_LUAD_W_BI_20180912_KL_f23.mzML.gz?Expires=1667554485&Key-Pair-Id=APKAIXDMVIARW22I7ILQ&Signature=W~umcNR0Vmqs9Y7yQDTAGepXn~nMVHzZMU8mzNnW2PbrmtDUKP48M226hstxqmh4MsAVaWfxmUPfhy9njyJqg~vIzi4WSSDrzKvIe-mBe1C1phZ-dLjJP1gfjO82x5JSwsUcMcJHV3WHMOhSI7rsLe7LIXEcR~~9pXtq9ubsPSr8YDHUKGSoi8-HZTy1TiRWgvkWZfEDLNL5nulCsb~6G7V269PhfgdfrdNDYVOJQp3OLbUoVNMSwV5QI5u7BpwPjF8DYOBNvBcsYxrXYaFd811isefGyst9-N2GY9dcNw9P~To97xHSCblyh6hYb-z8fbjCfKWE-WcKkAtPa3roPg__"
"00ef49b7-ffa6-4492-b8f5-5b33f94d99e4","03CPTAC_LUAD_W_BI_20180521_KR_f16.mzML.gz","S046-1-3","CPTAC LUAD Discovery Study - Proteome","PDC000153","1","f1c59a53-ab7c-11e9-9a07-0a80fada099c","N/A","CPTAC3 Discovery and Confirmatory","Processed Mass Spectra","Open Standard","Open","156397547","c7461b040cb30311699299005f6bfa08","Yes","https://d3iwtkuvwz4jtf.cloudfront.net/studies/153/mzml/03CPTAC_LUAD_W_BI_20180521_KR_f16.mzML.gz?Expires=1667554485&Key-Pair-Id=APKAIXDMVIARW22I7ILQ&Signature=EV97-AGQx7QkKgAZSQOfQVQ1YartrmK-BQCAJKaSBsrWRrd4HY32OqXDOTf1rku-Xz2go0WAJmiy-J50KAzHc3erHRf-CdNn-7T1iADdRHQbzJAGArNXOSoRNTgKcozVzlsdy9w~725SdSRDb35gY62OdqUbDFLyuK2QrD~iB6MFd9Ix0qoB7JoMIGR~I2vKHxVi9bvdzBmiYMun0~otQw0qu9EvKSuQOjaskpuMQfKu0Zil6HfrtDisGRbqNOvMjGDl3lQW2O-rvR7NfhtGRKtuXnb9vraiuuzLVzrW5FDEghw9weybv0gTcKGKqcIkuOdL3rS~sE5kMgwDqMtNPg__"
"00f8f6fe-721e-485c-8461-bb03831f2765","03CPTAC_LUAD_W_BI_20180521_KR_f03.mzML.gz","S046-1-3","CPTAC LUAD Discovery Study - Proteome","PDC000153","1","f1c59a53-ab7c-11e9-9a07-0a80fada099c","N/A","CPTAC3 Discovery and Confirmatory","Processed Mass Spectra","Open Standard","Open","166511329","d8f1a358727c61e289d3cbc87aeeb9bd","Yes","https://d3iwtkuvwz4jtf.cloudfront.net/studies/153/mzml/03CPTAC_LUAD_W_BI_20180521_KR_f03.mzML.gz?Expires=1667554485&Key-Pair-Id=APKAIXDMVIARW22I7ILQ&Signature=W9brQvHpoUJcHAna4dKWz3jMtwxc2ljtjrjkk8I659DjRlrJRMgmcHQHuL2pTXwCaIQQVLkw96qxwAJ3CSFX3XPNIPNfeM4RLESKwOhOUiVyOAFTRDrDj2zGsxSsqEWAtu7hBk2pOfNl3UDLhuo1yrNJAsTs07q0fgZzDU0tHq-M4W4Pz~3ZWo6dvActCodOGEmIGxAheu8kaL5Vhni-qH0RWRHOPT05vd3NQBYjbpURwtfvrEunfRcjshGCAwM6WNXkgX1IOdDYbMg8ww7DCpFELRh7btJlWEuxxK5VDjNpmK7Bi9U-fzTJY4nJeBAMtdTD0Set2fbycush5DLCmw__"
"0104967d-89ce-4f03-9c70-32fd5cd080be","18CPTAC_LUAD_W_BI_20180726_KL_f04.psm","S046-1-18","CPTAC LUAD Discovery Study - Proteome","PDC000153","1","f1c59a53-ab7c-11e9-9a07-0a80fada099c","N/A","CPTAC3 Discovery and Confirmatory","Peptide Spectral Matches","Text","Open","4845956","5d67a26d3f8d7e15031d94188424ce81","Yes","https://d3iwtkuvwz4jtf.cloudfront.net/studies/153/PSM/tsv/18CPTAC_LUAD_W_BI_20180726_KL_f04.psm?Expires=1667554485&Key-Pair-Id=APKAIXDMVIARW22I7ILQ&Signature=eRxwW9g6KkUtbcmlp565ZurdlifYShFW0XtIHzGnUAff7BB4tmFmyqrgPsAg770TdnaIBOAx3hP16f77f3KyOO9WfizzCQpjptz2zDWva4pIwDXeQ1ztpkFmQ3ELQbveHcxRTRuG10MuO7ERJLCD1JMxTM~v~Fk6CAyq7jdVSyykRBDMJdtzfCMLqW2ieF0s8CBlAwWLeJwAIBMx85XmWNtNxn-RQAauCX11NvqP2IJZWfHOZNtTqhR9rLW6MtDCEQji0ufJ65edOL13WZhtTwCsZ0V4HQ7ckDkFVTaL3DaNRPQGSH6NhgkZSlaYYpNpyandB5Jhrr6nVWo5RYBu8g__"
"0136ecaf-63ec-4bd3-b448-31c613059f54","03CPTAC_LUAD_W_BI_20180521_KR_f23.mzid.gz","S046-1-3","CPTAC LUAD Discovery Study - Proteome","PDC000153","1","f1c59a53-ab7c-11e9-9a07-0a80fada099c","N/A","CPTAC3 Discovery and Confirmatory","Peptide Spectral Matches","Open Standard","Open","7044292","e5917cf57f1c3ef41cfb66eaa523e835","Yes","https://d3iwtkuvwz4jtf.cloudfront.net/studies/153/PSM/mzid/03CPTAC_LUAD_W_BI_20180521_KR_f23.mzid.gz?Expires=1667554485&Key-Pair-Id=APKAIXDMVIARW22I7ILQ&Signature=borNMQnjMYK3d5oCu2Bw52neiMAoM420aaCBLL9RONJuhumAEsg2A7uyT8uCDSwS7RelA6n23j1-Oq23ANqSJiHm6yKz~u8N3zrTiN4c0LY4GUqHT4ZXttut-0B5zqG~uEyTf33iIoW5T7595rzFX9MDYKPHcXtPARgPH7HYhlmoA4j6qTzFgBkGImK6j9YuPHMtMCQxJiJsHaZiZSTcC5rOoWAwHGdQfDXP3LXJIOKPqP58mIvBaxcwFmQLgQun4A2pkQchpaGhPe6mRHqMshC3IcYYLL8Q3GHtWlODSSda0MtqdZO5XKyoKceGatNE4wjYgfecJBQonfOXR62ySw__"
"0146d826-310c-412b-bc43-740ed8edc40d","16CPTAC_LUAD_W_BI_20180718_KL_f21.psm","S046-1-16","CPTAC LUAD Discovery Study - Proteome","PDC000153","1","f1c59a53-ab7c-11e9-9a07-0a80fada099c","N/A","CPTAC3 Discovery and Confirmatory","Peptide Spectral Matches","Text","Open","4442035","01b63195b8d841e2b3bcc10ceee76427","Yes","https://d3iwtkuvwz4jtf.cloudfront.net/studies/153/PSM/tsv/16CPTAC_LUAD_W_BI_20180718_KL_f21.psm?Expires=1667554485&Key-Pair-Id=APKAIXDMVIARW22I7ILQ&Signature=cFbi0aMuHQteahqi-GDH3Q17nWT1XK-a-Yy9Vd4OpQG-fo5XZ8QhoGmbK3gYAdGTtaFYcNEVuA6cW0dciEMtDNTmiVnmz2LU~RSpGEMyazP4gAogontKZzU53ccbCU93N3vyxtB0L3388KmoUDurfpmL6QwOcrlGQCdav3mIPGmNSqYDq0EjaNo0-4Wu5nKUHKCaOFJw22tXSNPOi4PXMW7ae~8w-HpDX87DdNxrxus5g3JytSQa4G3OcUtMBOAxV8~atW3VdTceXtqjjcF9cHmyvd4d0A0CYAbfT5RyAebOuNUC0sRqWF2utSaKcuI-6mJ3HSqIz4nwe6Gj~gLkMg__"
"01577385-1cc0-4f1b-b65c-50a2b282977c","11CPTAC_LUAD_W_BI_20180905_KR_f07.raw","S046-1-11","CPTAC LUAD Discovery Study - Proteome","PDC000153","1","f1c59a53-ab7c-11e9-9a07-0a80fada099c","N/A","CPTAC3 Discovery and Confirmatory","Raw Mass Spectra","Proprietary","Open","805395656","a7f5b41fe692367cca51cb5fdd6cbcd4","Yes","https://d3iwtkuvwz4jtf.cloudfront.net/raw-files/94/32/11CPTAC_LUAD_W_BI_20180905_KR_f07.raw?Expires=1667554485&Key-Pair-Id=APKAIXDMVIARW22I7ILQ&Signature=UgfHL--0EQPVc3ByZhfsCATPJQwMcBCWMRnACORqBr2d2GYaa4jEsZ6~vwXgyMVYUXg-QYwCJLu9bsDY0IbFyrwaKogaYP2Fj1YI-iaSdPbKrBrlEt~R79efHzyqwyjeqGHHzwxo5LBITFyIqMc-BQDs6PPcFVOLHQIIwPmSl~cmb9wy1O9lGCImKOyd8K6aZ0WJOqr-s-3hrb03~re~BYnMMIYV~tw8C0FgSPSKPFc~I9zY-BaRJTq1eK3ZHyXbL02~t6vr8OpmrPOozBI4HuqlAdfSQ-U7RGt1zCpE49TtjKe4gxnUIZMmbmr3rmve5JGViSnOwNstz7YNtjNEog__"
"0159b799-f143-4f06-8fb8-465e18ca7dc1","08CPTAC_LUAD_W_BI_20180606_KR_f21.mzML.gz","S046-1-8","CPTAC LUAD Discovery Study - Proteome","PDC000153","1","f1c59a53-ab7c-11e9-9a07-0a80fada099c","N/A","CPTAC3 Discovery and Confirmatory","Processed Mass Spectra","Open Standard","Open","138978009","a9bc624ef887be5948cb7603abc9243f","Yes","https://d3iwtkuvwz4jtf.cloudfront.net/studies/153/mzml/08CPTAC_LUAD_W_BI_20180606_KR_f21.mzML.gz?Expires=1667554485&Key-Pair-Id=APKAIXDMVIARW22I7ILQ&Signature=ZK6qugJXWf7GjoqjpdAaU0GiMxW4DDEpWMBt5bhl3QsCAQmsQscGdfhgDoCK~sM8~AptT8reaTxcx0vQ0rWy07SoIcXj851erOOrHz2hQEhZg-0YeGPZqC97684zKNo0mRCKFEEk34H4rqvq5hjG51t6Ho16K4AcbT~BJ8dXTdjf4bAX9kKtEfz1xtaelKPrfqDLcuhm8eqI512cC8F-7IsRThMC4ebufbDEBf37u4JX7JY1m3BlGv5VesHBEurgul7gxt1RE7Y41M-kJWkLDYIfWLsBzykXVK6zmCIeGt-UMzZerWRU0RpQ1LW65TWENqmMWTisXyDqwIWgMnLR1Q__"
"015f5b1a-5385-463f-a8da-3fb23a9c3fab","19CPTAC_LUAD_W_BI_20180730_KL_f05.raw","S046-1-19","CPTAC LUAD Discovery Study - Proteome","PDC000153","1","f1c59a53-ab7c-11e9-9a07-0a80fada099c","N/A","CPTAC3 Discovery and Confirmatory","Raw Mass Spectra","Proprietary","Open","756120264","ee8a967aaf8ff9349d01553d419ba279","Yes","https://d3iwtkuvwz4jtf.cloudfront.net/raw-files/94/32/19CPTAC_LUAD_W_BI_20180730_KL_f05.raw?Expires=1667554485&Key-Pair-Id=APKAIXDMVIARW22I7ILQ&Signature=R5kT3L0HqodBaezEkrjsjgOYKw2xqv0PEL9krD3rjaIEdOrEGG3rXxXiuSSIFujfIgPe-ZQkSGBmj6Dsz8TubKY8orTrvGo7xtnG4V-FQOpUcdF-FPzwqqAubatAP-~3jRJ6KRuW5M5ju9cKAlWOGaKfn-pLd6hHXeDfrbcyGbBWXF4pAlVeRtULX~z2rjHz9YujbEcBsGjPeY~O05vfphKO0y7ZQtUQrl3NPaF7rGV8RCkw1U2uqaK5Mr6UxiEB74kcfSIJGfwYJSNoztNqbwAJe7nMBWYDRJStVvFi8LwTA6VsRJy28KnDu6Jd-TP3LCLNWCnj9ZKjJSygTMqpfQ__"
"016db0bc-6e80-4ef9-957c-c905d6570024","17CPTAC_LUAD_W_BI_20180721_KL_f07.mzML.gz","S046-1-17","CPTAC LUAD Discovery Study - Proteome","PDC000153","1","f1c59a53-ab7c-11e9-9a07-0a80fada099c","N/A","CPTAC3 Discovery and Confirmatory","Processed Mass Spectra","Open Standard","Open","168590554","b771f71be663ecdf5d6719e26eb5bcca","Yes","https://d3iwtkuvwz4jtf.cloudfront.net/studies/153/mzml/17CPTAC_LUAD_W_BI_20180721_KL_f07.mzML.gz?Expires=1667554485&Key-Pair-Id=APKAIXDMVIARW22I7ILQ&Signature=AD4gdHOBO99prhUtnfwFVSoDo32~er7eiLyeoqMh607WpzgEH-HLwOU81kLel6NTtHzakVNrJnAHvA6yLaKdZ0zUldTCWbGT8zbWsX8NPGZi7ugpBMUo0EETwoHQcLTB5BQSeXYmrqW9bhQCb8~775YFwsiZJFbp~gXQFqqoIwlUDIbX~EsgV-Ma3gUzMQOh55UnrFzD5TLdUwB3tZt-o7ZsEwfU3TzvjyqGyU-3TMRLTM9ViP9xlgHBi5eJeyJah833Mx8NcZznvWF2KqqEngj~tK65s1AuUJPuGGZHwzLjNpf5jnI6ruPGwtrDoUNolPb3lLm02FAPiVS9nTz2HA__"
"017cfd8c-2303-4224-939c-8b8da2b1581f","24CPTAC_LUAD_W_BI_20180829_KR_f14.mzid.gz","S046-1-24","CPTAC LUAD Discovery Study - Proteome","PDC000153","1","f1c59a53-ab7c-11e9-9a07-0a80fada099c","N/A","CPTAC3 Discovery and Confirmatory","Peptide Spectral Matches","Open Standard","Open","7448467","5bb1cfe75dbfb4c1b4db4323987df792","Yes","https://d3iwtkuvwz4jtf.cloudfront.net/studies/153/PSM/mzid/24CPTAC_LUAD_W_BI_20180829_KR_f14.mzid.gz?Expires=1667554485&Key-Pair-Id=APKAIXDMVIARW22I7ILQ&Signature=JdpoJYSc8dyQK0Q~qeYxUk0ntd5b-Rn2S3KZif8QeQMLJkN4v0obZMQfjXhCw5As~qgYgVT-WYrek8zZlcBZnGoP2opwxoUCdsBoNGHRpRA~g1vrGH6kX669AIi9G6nqu~8OFCo5LbMR708RmDyYrAi9FH-GRapyKhrrNNqgI7IXet9yibw9aKwNTwAXB54W4quZ9qwKW3UY9kjM8mHrmXgdaT8svOsfYwqz8IEXUFF2CgerhazoDv~IcApQaxgKdnz06l5TPn3J6ymchRRa5~PKiKbzPYV1Ux~qdysYQw0DXKofo7SFfBAYoBbBmq6JLVPOkWVo81k1s3l05i0oMg__"
"0197f68c-24d0-419c-ba45-a38adac80e9f","20CPTAC_LUAD_W_BI_20180809_KR_f04.psm","S046-1-20","CPTAC LUAD Discovery Study - Proteome","PDC000153","1","f1c59a53-ab7c-11e9-9a07-0a80fada099c","N/A","CPTAC3 Discovery and Confirmatory","Peptide Spectral Matches","Text","Open","5522410","36cd17d5e5495a533080f3810c250d33","Yes","https://d3iwtkuvwz4jtf.cloudfront.net/studies/153/PSM/tsv/20CPTAC_LUAD_W_BI_20180809_KR_f04.psm?Expires=1667554485&Key-Pair-Id=APKAIXDMVIARW22I7ILQ&Signature=bi8DKJOCkExktHEf883yIl86uUYgg9m4bObp1edVqf9o5gcBnGpwPFBcm4sHGOXFETe7ekVwK4~Yp~gHFI-SfKov-Uk9RcQFTPDxqQ14TDXjNWy4s5ojwWJ87QcludG2EWJzQQJmyu682hRtWh8czSjjB5Aw2AZE4goDzdz-b2dGNqQv5UfP-nNdwDcsGFa8GorQFfnBUqw7AyKqISrr6nmPTjS6MBBfCeA5RqCt2l5LO~DP5~DEYBtkvotlhFOVcF8F5xEHW3TsSzpfCNzBnZFGverjOUOlqKL4AyBw8SuKp9JpxuTcrlGmiAbTw3vGdlehwmZwcU71E0EUjtuRFA__"
"01b08967-be76-4113-8aff-42455dd9980b","10CPTAC_LUAD_W_BI_20180626_KR_f22.raw","S046-1-10","CPTAC LUAD Discovery Study - Proteome","PDC000153","1","f1c59a53-ab7c-11e9-9a07-0a80fada099c","N/A","CPTAC3 Discovery and Confirmatory","Raw Mass Spectra","Proprietary","Open","601954714","c665a8b1e660679e71e9da36a81e71be","Yes","https://d3iwtkuvwz4jtf.cloudfront.net/raw-files/94/32/10CPTAC_LUAD_W_BI_20180626_KR_f22.raw?Expires=1667554485&Key-Pair-Id=APKAIXDMVIARW22I7ILQ&Signature=M6l3mhNMGBqkTbJtp02C1eo5aW0kuuIbxiJbEwTBSPDht6bDoqPuFMQU2u6LB0IW-XNwR01T65IuIltIwBhIF80q7mAkqf4R-Te1TuFvgObESzQCgRYiUGuPi7jPWWeBd9qxjf3ykSg5d-eIjat9jzDXjHD5fEoxenUrJGh-~4jxoKFjXSCvPfEk7MlK1JQUuzlEES2cUd9Zg21CyOmD~y6xybChHnF35vpdvrv9Wb3qmsz8Vg4raVdqfj8aMHEdl95j2D1TCZcoel~Ke8oqKWEasibIPSoFKAyK6ijyQFJ0kxmhkLzQUdBQOlDVjHdsZjh65z4vwUizo1iBOtXLqg__"
"01c60d90-5228-4d3c-a061-06551ac58393","14CPTAC_LUAD_W_BI_20180711_KL_f03.psm","S046-1-14","CPTAC LUAD Discovery Study - Proteome","PDC000153","1","f1c59a53-ab7c-11e9-9a07-0a80fada099c","N/A","CPTAC3 Discovery and Confirmatory","Peptide Spectral Matches","Text","Open","5049460","fe08cc20afc6db8702dceea165a33745","Yes","https://d3iwtkuvwz4jtf.cloudfront.net/studies/153/PSM/tsv/14CPTAC_LUAD_W_BI_20180711_KL_f03.psm?Expires=1667554485&Key-Pair-Id=APKAIXDMVIARW22I7ILQ&Signature=GvB5FRlU5fKTsacDiG3EFffltocY6~CCjKFQTiiCq0TFLhg5-12MyzJ2YOepEmMctfAYeUDAIvC9IQ9JaqRf8JrDtAioXDzOOBMr6Lf42oBW~xLkgjezJs8KVFsMfhz7ZiJR8nHEQoM37SC4CBd55Fs8j~J2m4wwLBswqJehu0yHeWn8IPWf6u4GLQUxLrdbKhzaOyrY22T2fE2OqCuMlNKnO-GHSSJCVrXSLnEaVk1KYGSZj91Hp5iglqVSrBo09W9ZMN2TMVEQIlyV5EAyxKT25cR8p3Pg7Or0urEjsvJ7rE4gBHKk-dv6-R1aPcHklQLE3rUUykJgK2lKcDdjLA__"
"0203a9e3-fa43-4956-b5d8-f1b710d700ca","10CPTAC_LUAD_W_BI_20180626_KR_f01.raw","S046-1-10","CPTAC LUAD Discovery Study - Proteome","PDC000153","1","f1c59a53-ab7c-11e9-9a07-0a80fada099c","N/A","CPTAC3 Discovery and Confirmatory","Raw Mass Spectra","Proprietary","Open","688246652","16cc7b00fd2996a38ef0b87069ba5863","Yes","https://d3iwtkuvwz4jtf.cloudfront.net/raw-files/94/32/10CPTAC_LUAD_W_BI_20180626_KR_f01.raw?Expires=1667554485&Key-Pair-Id=APKAIXDMVIARW22I7ILQ&Signature=ErteB7fjf-50zLP5P5cBkmY5qMFYHYn9BFWft0hsun7ayOZ50nIZJ6Z~Gyc9IRN7ZvrIedOPHa0xnSdjjlPWm1II3lIFqP4KG1SvtAzeV3xsP6hmEIa3Db17rkeYpIqzc15LngAkXu598cag~rJ1Gq9KpP3-cEMlZMlgwPF6ZKC0YXyOzcr24TgREPLKPH1l~9FpTc72ikQg9l8DHpL60-tqpdUWrlQiOzfqipQpmL0g4i8afSStn2VrnhNQLe-7G62Fki-oLB6RkqoHGIF0c1CcBh81KaHZB04T4OWHpboJIM4EGMXpFGtvSPDsfx1~R34BSevImImbpqBEnfV2RQ__"
"023e32a9-f6f8-49ea-a6bc-2f532f93bdb0","15CPTAC_LUAD_W_BI_20180714_KL_f04.mzML.gz","S046-1-15","CPTAC LUAD Discovery Study - Proteome","PDC000153","1","f1c59a53-ab7c-11e9-9a07-0a80fada099c","N/A","CPTAC3 Discovery and Confirmatory","Processed Mass Spectra","Open Standard","Open","199739801","a6b9b446b201118e41cf0437325854f1","Yes","https://d3iwtkuvwz4jtf.cloudfront.net/studies/153/mzml/15CPTAC_LUAD_W_BI_20180714_KL_f04.mzML.gz?Expires=1667554485&Key-Pair-Id=APKAIXDMVIARW22I7ILQ&Signature=Jd24NNJMT1KiHOjHHaxOeN8Im5Y5MAPBe4RcbXXSdXvnYeAlTMfbVMuyMFkpBRA03amx5LujCnRb4okxsKWzGoWpFprH4V6IQGjdU2kHkI9gsNAL2fAEMz-uoK~8G82iZxDqvRfIEpHFyHSMs8~bkErRwtjFfb60vFjkimseVC8GkJNidwsNwYq7C2FGczvEDbggvUwsipwnYhijKvSKYyqCejJhiLBVUActJcL7eNDb9DhYtz0QqoVhdSYm1asMgDr5X2XIkiK7w8quAoFYLuBKwT~yNFV7Ce3cXKtEADcmRg2Zp8N~l55jDqXL0-EMN4tT7RVTt5RT7oex3rHs0w__"
"0273e8e4-ec7e-4ed7-968e-b8fe1fffb2e9","05CPTAC_LUAD_W_BI_20180527_KR_f19.mzid.gz","S046-1-5","CPTAC LUAD Discovery Study - Proteome","PDC000153","1","f1c59a53-ab7c-11e9-9a07-0a80fada099c","N/A","CPTAC3 Discovery and Confirmatory","Peptide Spectral Matches","Open Standard","Open","8002897","14b788e9b0810824930fbd329afa0c2f","Yes","https://d3iwtkuvwz4jtf.cloudfront.net/studies/153/PSM/mzid/05CPTAC_LUAD_W_BI_20180527_KR_f19.mzid.gz?Expires=1667554485&Key-Pair-Id=APKAIXDMVIARW22I7ILQ&Signature=A1YXooCROpcEMUT7xjy~odFHa82tnSEb6L9Mq-1w7MUyK-0aCsQJ~YRHoeLrexLmqs8g7dBq-3oziJG18ZjUOsBZ9lCsNL0cwU7tdlh6lWqiGsJB8OKSltSF6TZSFV~LiP2-UN~FARNqAJi9V7HAdaJl28~5GPPPKiUaEMfsHWrEufrLSmLkw-jIYSnPNIB25PITUyD9QClnIf3MIXdcdttx0FlNMAizzakTD9rQDdlQFuEohvDx4jAefiWpPDIGzHAjsuakrfOE4tUloaSwFDipqOar4bmseGkorv4KFgk~U4BHKGOl0A~0YwI0Izn84IZx1CSfZTOl-ZwC3L7PdA__"
"027d71da-b9b0-47f5-a630-c309930087df","18CPTAC_LUAD_W_BI_20180726_KL_f25.mzML.gz","S046-1-18","CPTAC LUAD Discovery Study - Proteome","PDC000153","1","f1c59a53-ab7c-11e9-9a07-0a80fada099c","N/A","CPTAC3 Discovery and Confirmatory","Processed Mass Spectra","Open Standard","Open","138749564","298cf3816c96b2ab16767904f1b72b78","Yes","https://d3iwtkuvwz4jtf.cloudfront.net/studies/153/mzml/18CPTAC_LUAD_W_BI_20180726_KL_f25.mzML.gz?Expires=1667554485&Key-Pair-Id=APKAIXDMVIARW22I7ILQ&Signature=hIBnmGGnIKETkTL6wmhyikz0Ozd4acwxQckxsdrD9w-ciFWaBcCUwFJaxLHhjt3jbT2fB7kvFjrjO-qTxjPXB7yzg1hMhXn7c9SmmBoRZK08zTLz0c5wB8N~w7tR-BNSaizF~ahudIGn8M9UrjlZCJtN6hbHpkmqL8LexyagdYUUJ7O8oLdLBo6YCAE0KiJr45LyaHOCjj61tanyj2gqXrY4DXly0QpweW~N-sRrhcZQAV~riozwm7H1EloUD6I3lf-w5fWT8Orcac~8P9i-xk48A74I7UV~SFZb0iUvDBpicRu-ZfGIEH5Qhu3vle8UFv4WwedIJDnc7IKSZ1gxnQ__"
"02b00d40-62d5-4d7b-94f0-82d2348e3547","13CPTAC_LUAD_W_BI_20180629_KR_f12.raw","S046-1-13","CPTAC LUAD Discovery Study - Proteome","PDC000153","1","f1c59a53-ab7c-11e9-9a07-0a80fada099c","N/A","CPTAC3 Discovery and Confirmatory","Raw Mass Spectra","Proprietary","Open","569269894","d0218da351769ad3687d80e0dfcd30fd","Yes","https://d3iwtkuvwz4jtf.cloudfront.net/raw-files/94/32/13CPTAC_LUAD_W_BI_20180629_KR_f12.raw?Expires=1667554485&Key-Pair-Id=APKAIXDMVIARW22I7ILQ&Signature=aKOWfztEmlOB5FSEGkpLU0xYvDRagbAJgdVOKI53xMKlVV4V~jNY6oyf3mGih7i7UsqEGPC90C~ZPa4oPmQ2bwgLVM25SCy4QGwZkjGE-JbSHez4p6f5M54XPaKyvTXJTs-dn87bA0wO8wkRIWS8TbEkhZ24GS2JNM0u59ggvnrwcHsFTPL4XZcJxHQ6nSzar9Lb5ksfTKi9t-Lt7kJWwufERuJgNzG4A6myISgAPUlcBrd5hlaSyJK5CiDy5Psl~f8zDsAqSm2kK6PMA97GgynPSJ6GRR9M55txlub9Of2PzkbT~z9Tdm2lfwrDsQvpasiU65jZ5MZTUkq1X0KXVA__"
"02b8011d-5ff7-4120-a4ea-93d4a2973e9a","18CPTAC_LUAD_W_BI_20180726_KL_f08.mzid.gz","S046-1-18","CPTAC LUAD Discovery Study - Proteome","PDC000153","1","f1c59a53-ab7c-11e9-9a07-0a80fada099c","N/A","CPTAC3 Discovery and Confirmatory","Peptide Spectral Matches","Open Standard","Open","7083722","ffd3c7c95a10973a827b4f29bff76f34","Yes","https://d3iwtkuvwz4jtf.cloudfront.net/studies/153/PSM/mzid/18CPTAC_LUAD_W_BI_20180726_KL_f08.mzid.gz?Expires=1667554485&Key-Pair-Id=APKAIXDMVIARW22I7ILQ&Signature=OrLQPW7q7zRcfpf6HxC-J65ZSIxYwrUc87sHK4JgrD1TADYh6UErkEumDhd~fAOYMzfvJF7m0FfYEmV0QHG-JKQMbYwnuX9yAw4a01Ie7b1saRL3PaHBow3tgapzo5xsMNqh45ptBnr-I2l9ZTGNm6RlKV8peFbvf161PX-ccwWPyuxUwZKSWc1w4YWLm7WCUpEO1wAhI5amSfl2aQ6FWzZgssoMddae0dUbiBgi-zqiuFVSdFArNT6hHG4p9tiqqz0ksMXMj3AWSGAzYG-e8Afux56-~ze9JQ7QLM31k6QWJ3R9i5fGZ8N4cahBLg05mdtq7jGev1zegm~NrsuA8w__"
